Method,PSNR,SSIM,LPIPS
DPS,32.760215759277344,0.8685896396636963,0.2983555197715759
DDRM,36.2105712890625,0.9200420379638672,0.24491161108016968
