Method,PSNR,SSIM,LPIPS
DPS,30.745342254638672,0.8453311920166016,0.32465606927871704
DDRM,35.88886260986328,0.907963752746582,0.2544900178909302
