Method,PSNR,SSIM,LPIPS
DPS,28.5096378326416,0.8128074407577515,0.3529524803161621
DDRM,35.30098342895508,0.8933535218238831,0.2768137454986572
